circuit,segment,actions,producer_layers,boundary_layers,qubit_layers,optimistic_unit_cost_speedup_bound
barenco_tof_3,38_0,38,14,23,38,2.7142857142857144
barenco_tof_3,38_3,16,9,14,16,1.7777777777777777
barenco_tof_3,38_4,4,4,4,4,1.0
barenco_tof_3,38_5,58,26,41,56,2.230769230769231
barenco_tof_3,39_0,4,3,4,4,1.3333333333333333
barenco_tof_3,39_1,19,13,17,19,1.4615384615384615
barenco_tof_3,39_2,4,3,4,4,1.3333333333333333
barenco_tof_3,39_3,9,4,9,9,2.25
barenco_tof_3,39_4,34,14,26,34,2.4285714285714284
barenco_tof_3,39_5,34,25,28,32,1.36
barenco_tof_3,40_2,4,3,4,4,1.3333333333333333
barenco_tof_3,41_2,38,20,26,38,1.9
barenco_tof_3,41_3,34,16,21,34,2.125
barenco_tof_3,42_2,36,19,24,36,1.894736842105263
barenco_tof_3,43_3,32,14,19,32,2.2857142857142856
barenco_tof_3,44_2,33,16,21,33,2.0625
barenco_tof_3,44_3,30,13,18,30,2.3076923076923075
barenco_tof_3,45_2,28,14,17,28,2.0
barenco_tof_3,45_3,26,13,18,26,2.0
barenco_tof_3,46_0,1,1,1,1,1.0
barenco_tof_3,46_1,5,3,4,5,1.6666666666666667
barenco_tof_3,46_2,14,7,8,12,2.0
barenco_tof_3,46_3,10,4,7,9,2.5
barenco_tof_3,46_4,2,2,2,2,1.0
barenco_tof_3,46_5,3,3,3,3,1.0
barenco_tof_3,47_0,3,3,3,3,1.0
barenco_tof_3,47_1,12,10,10,12,1.2
barenco_tof_3,47_2,8,4,4,7,2.0
barenco_tof_3,47_3,8,4,4,8,2.0
barenco_tof_3,47_4,6,3,3,6,2.0
barenco_tof_3,47_5,6,3,3,6,2.0
barenco_tof_3,48_0,18,6,10,18,3.0
barenco_tof_3,48_1,2,2,2,2,1.0
barenco_tof_3,48_2,19,6,10,17,3.1666666666666665
barenco_tof_3,50_0,10,3,5,10,3.3333333333333335
barenco_tof_3,50_1,19,4,7,18,4.75
barenco_tof_3,50_2,16,4,7,14,4.0
barenco_tof_3,50_4,30,7,11,28,4.285714285714286
barenco_tof_3,52_0,9,4,5,9,2.25
barenco_tof_3,52_1,10,3,5,9,3.3333333333333335
barenco_tof_3,52_2,7,4,4,7,1.75
barenco_tof_3,52_4,24,5,11,22,4.8
barenco_tof_3,52_5,35,9,15,35,3.888888888888889
barenco_tof_3,53_1,7,2,4,7,3.5
barenco_tof_3,53_4,23,5,11,21,4.6
barenco_tof_3,53_5,25,7,12,25,3.5714285714285716
barenco_tof_3,54_2,15,6,12,14,2.5
barenco_tof_3,54_3,25,11,16,25,2.272727272727273
barenco_tof_3,54_5,28,18,18,28,1.5555555555555556
barenco_tof_3,55_0,28,11,14,26,2.5454545454545454
barenco_tof_3,55_3,24,11,16,24,2.1818181818181817
barenco_tof_3,56_4,2,2,2,2,1.0
gf2^6_mult,370_2,271,165,235,255,1.6424242424242423
gf2^6_mult,371_5,261,131,147,183,1.9923664122137406
gf2^6_mult,373_1,179,15,28,113,11.933333333333334
gf2^6_mult,374_2,233,84,99,170,2.7738095238095237
gf2^6_mult,375_0,181,96,123,157,1.8854166666666667
gf2^6_mult,376_0,103,15,25,54,6.866666666666666
gf2^6_mult,377_2,37,18,22,31,2.0555555555555554
gf2^6_mult,378_0,79,13,21,40,6.076923076923077
gf2^6_mult,378_2,25,18,20,22,1.3888888888888888
gf2^6_mult,378_3,5,3,3,5,1.6666666666666667
gf2^6_mult,378_4,34,12,12,24,2.8333333333333335
gf2^6_mult,378_5,28,4,8,16,7.0
gf2^6_mult,379_0,7,4,5,5,1.75
gf2^6_mult,379_3,19,5,5,11,3.8
gf2^6_mult,379_4,31,17,23,25,1.8235294117647058
gf2^6_mult,379_5,23,5,9,18,4.6
gf2^6_mult,380_3,32,6,8,23,5.333333333333333
gf2^6_mult,381_1,37,7,10,20,5.285714285714286
gf2^6_mult,382_1,73,13,14,34,5.615384615384615
gf2^6_mult,382_2,41,11,13,21,3.727272727272727
gf2^6_mult,383_0,43,16,18,34,2.6875
gf2^6_mult,383_1,53,13,13,23,4.076923076923077
gf2^6_mult,383_2,33,11,13,16,3.0
gf2^6_mult,383_5,89,32,50,77,2.78125
gf2^6_mult,384_2,62,12,16,36,5.166666666666667
gf2^6_mult,384_4,65,26,33,48,2.5
gf2^6_mult,385_2,30,20,21,23,1.5
gf2^6_mult,385_3,30,6,8,21,5.0
gf2^6_mult,386_1,8,5,6,8,1.6
gf2^6_mult,386_2,10,3,3,8,3.3333333333333335
gf2^6_mult,386_3,30,8,9,22,3.75
gf2^6_mult,386_4,15,6,7,10,2.5
gf2^6_mult,386_5,17,4,4,8,4.25
gf2^6_mult,387_0,5,2,2,3,2.5
gf2^6_mult,387_3,15,4,5,10,3.75
gf2^6_mult,388_0,9,2,3,5,4.5
gf2^6_mult,388_1,2,2,2,2,1.0
gf2^6_mult,388_2,9,4,4,8,2.25
gf2^6_mult,388_3,7,3,3,5,2.3333333333333335
gf2^6_mult,388_4,6,2,2,4,3.0
gf2^6_mult,388_5,18,5,7,11,3.6
gf2^6_mult,389_0,4,2,2,2,2.0
gf2^6_mult,389_1,5,4,4,4,1.25
gf2^6_mult,389_2,3,3,3,3,1.0
gf2^6_mult,389_3,2,2,2,2,1.0
gf2^6_mult,389_4,3,2,2,3,1.5
gf2^6_mult,389_5,13,4,5,8,3.25
gf2^6_mult,390_0,16,5,5,14,3.2
gf2^6_mult,390_2,6,3,3,5,2.0
gf2^6_mult,390_5,7,2,3,4,3.5
gf2^6_mult,391_1,10,3,3,10,3.3333333333333335
gf2^6_mult,391_3,15,5,5,10,3.0
gf2^6_mult,391_4,16,4,4,8,4.0
gf2^6_mult,391_5,13,5,5,8,2.6
gf2^6_mult,392_0,15,4,4,13,3.75
gf2^6_mult,392_2,5,2,2,4,2.5
gf2^6_mult,393_1,9,3,3,9,3.0
gf2^6_mult,393_3,14,4,4,9,3.5
gf2^6_mult,393_4,15,3,3,7,5.0
gf2^6_mult,393_5,12,4,4,8,3.0
gf2^6_mult,394_0,14,4,4,12,3.5
gf2^6_mult,394_2,4,2,2,3,2.0
gf2^6_mult,395_1,8,3,3,8,2.6666666666666665
gf2^6_mult,395_3,13,3,3,8,4.333333333333333
gf2^6_mult,395_4,14,3,3,7,4.666666666666667
gf2^6_mult,395_5,11,3,4,8,3.6666666666666665
gf2^6_mult,396_0,6,2,3,5,3.0
gf2^6_mult,396_2,15,3,3,10,5.0
gf2^6_mult,396_4,14,3,3,10,4.666666666666667
gf2^6_mult,397_0,4,2,2,3,2.0
gf2^6_mult,397_1,2,2,2,2,1.0
gf2^6_mult,397_2,7,2,2,3,3.5
gf2^6_mult,397_3,9,2,2,6,4.5
gf2^6_mult,397_4,8,2,2,4,4.0
gf2^6_mult,397_5,3,2,2,2,1.5
gf2^6_mult,399_0,1,1,1,1,1.0
gf2^6_mult,399_1,1,1,1,1,1.0
gf2^6_mult,399_2,3,1,1,2,3.0
gf2^6_mult,399_3,1,1,1,1,1.0
gf2^6_mult,399_4,1,1,1,1,1.0
gf2^6_mult,399_5,1,1,1,1,1.0
